{
  "BAHADURABAD": {
    "RMSE": 20.539697836517217,
    "NSE": 0.8359250959739619,
    "R2": 0.8856772530455319,
    "PBIAS": -17.73651166547148
  }
}